histone,H3K4me0 ,H3K4me1 ,H3K4me2 ,H3K4me3 ,H3K4ac1 ,H3K9me0K14ac0 ,H3K9me1K14ac0 ,H3K9me2K14ac0 ,H3K9me3K14ac0 ,H3K9ac1K14ac0 ,H3K9me0K14ac1 ,H3K9me1K14ac1 ,H3K9me2K14ac1 ,H3K9me3K14ac1 ,H3K9ac1K14ac1 ,H3K9me2S10ph1K14ac0 ,H3K9me3S10ph1K14ac0 ,H3K18ac0K23ac0 ,H3K18ac1K23ac0 ,H3K18ac0K23ac1 ,H3K18ac1K23ac1 ,H3K18ub1K23ac0 ,H3K27me0K36me0 ,H3K27me1K36me0 ,H3K27me1K36me1 ,H3K27me1K36me2 ,H3K27me1K36me3 ,H3K27me2K36me0 ,H3K27me2K36me1 ,H3K27me2K36me2 ,H3K27me3K36me0 ,H3K27me3K36me1 ,H3K27me3K36me2 ,H3K27me3K36me3 ,H3K27ac1K36me1 ,H3K27ac1K36me2 ,H3K27ac1K36me3 ,H3.3K27me0K36me0 ,H3NORM(41-49),H3K56me0 ,H3K79me0 ,H3K79me1 ,H3K79me2 ,H3K27me0K36me1 ,H3K27me0K36me2 ,H3K27me0K36me3 ,H4(4to17)ac0me0,H4(4to17)K5ac1me0,H4(4to17)K12ac1me0,H4(4to17)K16ac1me0,H4(4to17)K8ac1K12ac1me0,H4(4to17)K5ac1K8ac1me0,H4(4to17)K5ac1K16ac1me0,H4(4to17)K12ac1K16ac1me0,H4(4to17)K8ac1K12ac1K16ac1me0,H4(4to17)K5ac1K8ac1K12ac1me0,H4(4to17)K5ac1K8ac1K16ac1me0,H4(4to17)K5ac1K8ac1K12ac1K16ac1me0,H4(20to23)K20me0,H4(20to23)K20me1,H4(20to23)K20me2,H4(20to23)K20me3,H4(68-78)AltNorm
BMP2_24,-0.969402075,-1.380645275,-1.827062488,-2.426360369,-5.255588055,-0.694743633,-1.051101685,-0.755358338,-2.208248854,-1.96130383,-0.913235068,-1.430080891,-2.205729008,-1.210772872,-2.003423929,-4.387196541,-2.388148785,-1.081114531,-2.180111408,-2.513419867,-2.699639559,-5.210435867,0.334923148,-0.017422676,-0.440608978,-2.634707928,-1.066030145,-1.871500969,-0.391342282,-1.145171404,-1.562222004,-0.359999657,-0.685995817,-1.855350256,-5.233519554,-3.296468258,-5.17057991,-0.450319529,-0.39914155,-1.226436615,-2.57495594,-3.584307671,-2.299689054,0.444370389,-0.715682268,-3.162413597,-0.325510442,-2.47441721,-1.258826494,-1.587548733,-1.797450304,-3.743207455,-2.009172678,-3.836671829,-2.37620759,-1.749208689,-2.258350849,-1.816227436,-0.682292044,-0.972046793,-1.485506296,-1.155142784,0.210473716
BMP2_24,-0.899802923,-1.310073853,-1.748622894,-2.397195101,-5.659498215,-0.733471751,-1.119252443,-0.895466745,-2.538553953,-1.711105943,-0.694820642,-1.331802726,-2.170353889,-0.908744574,-1.992952943,-4.385839462,-2.705102205,-1.04230547,-2.167782784,-2.315856695,-2.451105118,-5.699255943,0.185184002,-0.056800723,-0.135128856,-2.423022032,-1.241175175,-1.530746102,-0.218715191,-0.673562646,-1.59467268,-0.494109631,-0.605442286,-1.307039499,-4.871437073,-3.325648785,-5.246009827,-0.42406261,0.123736501,-0.436884761,-2.134949446,-3.064594269,-1.847580433,0.944239378,-0.8551687,-2.878026009,0.237899184,-1.797296882,-0.679965615,-0.926220298,-1.54361093,-2.937653542,-1.327933431,-2.969416142,-1.70596993,-1.146616101,-1.767997146,-1.2958287,-0.388576746,-0.704941392,-0.85888803,-1.522616029,0.156757951
BMP2_24,-0.254084021,-0.615387619,-1.228978395,-2.008717775,-5.495082378,-0.673366487,-0.357395202,-0.184616029,-2.054137707,-1.659430027,-0.50306046,-0.768153548,-2.010882854,-0.60417527,-1.460148573,-4.257186413,-2.776417494,-0.995080233,-1.916532755,-1.396489978,-2.345050812,-5.454845905,0.071493983,-0.085453808,-0.222691149,-2.419314861,-1.224364996,-1.38755393,-0.253763497,-1.211650372,-1.149904013,-0.281266838,-0.79262352,-1.665102124,-5.052478314,-3.949723005,-4.895378113,0.048545182,-0.008267105,-0.375995994,-1.889058352,-3.313084602,-2.483510494,0.503591001,-1.030882835,-2.973454475,0.668176651,-1.484645844,-0.174129486,-0.89531827,-0.905524254,-3.005477905,-1.249197483,-2.732027054,-1.908453465,-0.944077492,-2.013173998,-1.339215517,-0.859446287,-0.750305891,-0.547187328,-0.614953995,0.63586688
BMP2_4,-0.797549844,-1.278252244,-1.416829824,-2.21987009,-5.396006584,-1.171864629,-0.952778578,-0.878782868,-1.941579342,-1.689859629,-0.797549844,-1.057261348,-2.049613953,-0.832345605,-1.89772737,-5.942169189,-3.74540019,-1.391770601,-2.088806868,-1.908157825,-2.819147825,-6.379935265,-0.482308626,-0.276391506,-0.440316916,-2.538137436,-1.067145944,-1.389288545,-0.285157681,-0.839974523,-1.453010678,-0.583044767,-0.532685757,-1.720732212,-5.585730553,-3.302661896,-4.614901543,-0.947834253,-0.195902109,-0.911234379,-2.162039995,-3.33354044,-2.504642963,-0.029025316,-0.677529573,-2.919728756,0.229224741,-2.056358099,-0.349256933,-0.817471683,-0.235992134,-2.877857208,-1.36007452,-2.603124142,-1.003387928,-0.851667464,-1.603124142,-1.322915554,-2.350694656,-1.056358099,-0.732085884,-1.683269978,-0.273676574
BMP2_4,-0.439042568,-1.050139189,-1.53061223,-2.24180603,-5.281458855,-1.00703764,-0.912902594,-0.261658072,-2.058128834,-2.004462242,-0.957038522,-0.984089613,-1.887204647,-0.666025639,-1.777839065,-6.142642975,-4.829805374,-0.964988708,-1.738226295,-2.016429186,-2.522929192,-6.380619049,-0.66463387,-0.178481221,-0.386519551,-2.227667332,-0.966175199,-1.449374914,-0.337802649,-0.959530592,-1.146000266,-0.37618804,-0.765565157,-1.742172837,-5.930163383,-3.143537521,-4.613596439,-0.669403553,0.135495424,-0.649359822,-1.930806994,-2.919654608,-2.110804558,-0.120348573,-1.181616783,-2.866257191,0.100199103,-2.472156048,-0.592977881,-0.610370994,-0.244274855,-2.682603359,-1.916499376,-3.350256205,-1.248568535,-0.913087368,-1.838916302,-1.38213563,-2.994881392,-0.992478848,-0.767859221,-1.415540218,0.142895341
BMP2_4,-0.949751258,-0.970070839,-1.296827435,-2.41285491,-5.645749092,-1.241259933,-1.769098043,-0.579967499,-1.820271492,-2.192570686,-0.885229468,-1.405500412,-1.964228392,-0.998985887,-1.994390249,-5.092709541,-4.080597401,-1.147049069,-2.027653694,-2.050982475,-2.629539967,-6.155818939,-0.570653081,-0.380050659,-0.710854888,-2.382902384,-1.053882718,-1.477808475,-0.376380205,-0.579107046,-1.726466417,-0.704988003,-1.013636112,-1.486924648,-6.185444355,-3.063993216,-4.779414177,-0.583291054,-0.294001102,-1.081119299,-2.491157532,-3.69532156,-2.468673468,-0.191411734,-0.964335322,-3.050528049,-0.184695542,-2.229089499,-0.425731599,-0.96626693,-1.206409216,-3.04791975,-1.073915005,-2.28212142,-1.350239992,-1.075056076,-1.893007278,-1.339232206,-2.083067656,-1.162697077,-0.60117048,-1.20828557,-0.000541866
BMP2_48,-0.616780162,-1.352532268,-1.602961421,-2.3400774,-5.546152592,-0.502494097,-0.964662135,-0.516121984,-2.20049119,-1.073071122,0.064517558,-0.83336091,-1.744009018,-0.85387224,-1.306095004,-3.632802725,-1.963503838,-0.740532577,-1.622939229,-1.248354316,-1.853469849,-4.58125639,0.644527018,0.437882602,0.017997086,-2.406207561,-1.202027321,-1.270565152,-0.353290617,-1.297859907,-1.535785675,-0.512200058,-1.110562325,-2.007590294,-4.227001667,-2.560091734,-4.342710495,-0.35063827,-0.144780576,-0.221971869,-2.003418207,-3.522931099,-2.072915077,1.218049288,-0.54236424,-2.751736641,0.545472264,-0.974932432,0.228335857,-0.493926048,-0.018571138,-2.182623625,-0.380152702,-2.198220491,-0.805305958,-0.326034307,-1.123358011,-0.69941473,-0.266455412,-0.013733387,-0.647105932,-1.33807826,0.282718778
BMP2_48,-1.131221771,-1.638505459,-1.925617218,-2.631456137,-5.579834938,-0.461695611,-1.040092587,-0.922783613,-2.1811378,-1.535007954,-0.554262221,-1.302734017,-2.1969347,-1.023120165,-1.743190765,-3.517631054,-2.091604948,-1.058759212,-1.839516401,-1.827171087,-2.280653954,-4.629237175,0.364513278,0.102471352,0.111953497,-2.406207561,-1.355709076,-1.266502857,-0.439088643,-1.411021352,-1.518657565,-0.651394188,-1.09645009,-1.839730263,-4.500629902,-2.832479477,-4.747797012,-0.076032758,0.240217686,-0.63164115,-2.0227561,-3.112374783,-2.249361753,1.132477522,-0.582068503,-2.921086073,0.586138606,-1.349161506,-0.017758012,-0.92579782,-0.278955817,-2.379015923,-0.946056485,-2.639953613,-1.278955817,-0.619666457,-1.619666457,-1.23082149,0.00954926,-0.156436205,-0.717432141,-0.87682426,0.294951558
BMP2_8,-0.973947048,-1.197796583,-1.322990179,-2.320041895,-5.570075035,-1.273425817,-1.158744812,-0.746795893,-1.867542624,-1.925898314,-0.95932436,-1.183870077,-2.031346321,-0.992335796,-1.880142689,-6.49064064,-3.6045084,-1.293940067,-2.017360926,-2.203839779,-2.706637859,-7.03231144,-0.085784912,-0.152774811,-0.552666903,-2.143921614,-0.758779407,-1.66286397,-0.544335961,-0.405452371,-1.161607146,-0.662383795,-0.746456504,-1.726577163,-5.442943573,-3.541536808,-4.831829071,-0.49833262,-0.208116412,-0.861222386,-2.282170296,-3.366562366,-1.663077354,0.110958815,-0.735696673,-2.84799695,-0.490478754,-2.266899109,-0.744360566,-1.134470582,-1.085052609,-3.438992977,-1.769141555,-3.283088207,-1.743067861,-1.210434556,-2.038328171,-1.580338359,-2.419590473,-1.366213679,-1.283714652,-1.867111802,0.431347996
BMP2_8,-0.652746081,-0.926891088,-1.51302135,-2.118178129,-5.282585144,-0.931827843,-1.247717261,-0.812092423,-2.082298994,-1.864784598,-0.742798567,-1.028336287,-1.896603942,-0.581465006,-1.811613441,-5.615619659,-4.378647804,-1.254102945,-1.978647828,-1.842758298,-2.542525291,-7.211774826,-0.727356374,-0.135208726,-0.398173213,-2.197519541,-1.140362382,-0.924299598,-0.426192284,-0.379062057,-1.516660213,-0.450534105,-0.597133636,-1.168402314,-5.844717026,-3.207987547,-4.496887207,-0.543651819,-0.190911531,-0.67312336,-2.270685911,-3.092930555,-2.096621513,-0.376225948,-0.789198935,-3.076724529,0.000815034,-2.185499668,-0.532327771,-0.859128118,-0.721691728,-2.975345135,-1.262626767,-2.780697346,-1.457089543,-1.342042804,-1.932700515,-1.487629771,-3.0748806,-1.264584422,-0.752952456,-1.54357326,-0.387713194
BMP2_8,-0.904329777,-1.083009601,-1.644530177,-2.431948185,-5.40985775,-1.062300324,-0.913488746,-0.664436221,-2.308829308,-1.747937441,-1.072902799,-0.962228179,-1.909241199,-1.12488234,-1.882238626,-5.673148155,-3.683556557,-1.258975267,-2.154873133,-2.023343086,-2.564957857,-6.403470993,-0.388731241,-0.264968872,-0.519619107,-1.862833261,-0.763034821,-1.813843369,-0.357996225,-0.976850986,-1.494967341,-0.363060594,-0.156214714,-1.741882086,-6.028493404,-3.268229008,-4.890810966,-0.791625381,-0.173463583,-0.709122658,-2.244063616,-3.318109035,-2.255520344,-0.253329277,-0.717119336,-2.867990017,0.195350111,-1.92719698,-0.445180714,-0.702792943,-0.3736462,-2.877131462,-1.066489935,-2.668867111,-1.331077099,-0.737535655,-1.664343119,-1.237385273,-2.803654432,-0.759079635,-0.711167157,-1.288683414,0.246456742
ctrl_0,-0.868025541,-1.325852513,-1.618190646,-2.231898308,-5.443902493,-1.041011095,-1.141597033,-0.627567768,-2.044744492,-1.626624107,-1.086641431,-1.151626229,-2.341358662,-1.268586636,-2.104018688,-5.575365543,-3.847975731,-1.312393904,-2.113105297,-2.323530436,-2.892498016,-6.433848858,-0.131244659,-0.250927925,-0.478301764,-2.359193802,-1.082441211,-1.556464076,-0.538388491,-0.687012196,-1.587472081,-0.61418581,-0.456944942,-2.493468523,-4.801698208,-2.763568163,-4.332310677,-0.40678072,-0.27331543,-1.053858042,-2.491808414,-3.583425283,-2.350248814,0.429649115,-0.59502697,-3.167062283,-0.374686927,-2.533205509,-0.969886124,-1.253653884,-0.675787687,-3.163112879,-1.565353751,-3.143304348,-1.543553829,-1.161783814,-2.234666109,-1.314746618,-1.251885176,-0.664685488,-1.044774532,-1.373917341,0.14572525
ctrl_0,-0.677267432,-1.423240304,-1.169330955,-2.149206162,-5.108054161,-1.319718242,-1.356837511,-1.262606263,-2.132500887,-1.232994795,-0.869810462,-1.231281519,-2.030841827,-0.642365932,-1.660101414,-5.591210365,-3.74170208,-1.308020234,-1.829115868,-2.161047459,-2.225273371,-6.208865166,-0.127095222,-0.13015604,-0.184116602,-2.259110689,-1.190921903,-1.303657889,-0.166819811,-0.985742688,-1.597177386,-0.734990597,-1.005161524,-2.00398159,-5.256635189,-2.867576599,-4.380041599,-0.711916327,-0.494371176,-0.678886056,-2.131675959,-3.434451818,-2.421789646,-0.057697296,-0.40708375,-2.554397583,0.029731452,-2.410297632,-0.648492694,-1.027450919,-0.653779507,-3.276302338,-1.12517786,-2.480824709,-0.978664398,-1.100534916,-1.69217658,-0.737224579,-2.219718933,-0.763361096,-1.039643526,-1.852198362,0.085709929
ctrl_0,-0.675999641,-1.297229648,-1.226500273,-2.198224306,-5.029424667,-0.883598685,-1.352689028,-0.82779789,-2.106510878,-1.622911334,-0.955728889,-1.119619489,-1.693694353,-1.020824552,-1.694161177,-5.743901253,-3.969749928,-1.403424144,-2.023126841,-2.144011259,-2.384356976,-6.711136341,-0.337919474,-0.24084878,-0.481684208,-1.98297143,-1.280057907,-1.910120249,-0.308341265,-1.048441291,-1.499524832,-0.793701649,-0.92280376,-2.109265327,-5.092728615,-2.840402365,-4.407464981,-1.04891026,-0.266009808,-0.868541241,-2.34497118,-3.365219831,-2.539652348,0.085787296,-0.534089804,-2.76841116,-0.266164243,-2.242307425,-0.632377446,-0.956130624,-0.191324994,-2.887357235,-1.241115093,-2.580431223,-0.967589736,-0.792888165,-1.825878859,-0.809289217,-2.239129782,-0.642837524,-0.801358223,-1.878677368,-0.106540278
ctrl_0,-0.731165886,-1.022778034,-1.228980899,-2.133280277,-5.20775938,-1.09801054,-1.023817062,-0.775103807,-2.009068012,-1.807179928,-1.013243437,-0.9157691,-1.73931694,-0.827279568,-1.776992679,-6.068539619,-4.681994438,-1.262991309,-1.787356496,-2.2164855,-2.570400476,-6.573599815,-0.557989359,-0.168586969,-0.296698809,-2.172038317,-1.041429281,-1.377995014,-0.328912973,-0.660827637,-1.648123264,-0.524244666,-0.604641676,-1.618825197,-5.826420784,-3.120004177,-4.421725273,-1.030066729,-0.391201258,-0.798029184,-2.307712317,-3.267388582,-2.068426609,-0.036702394,-0.745483279,-2.950286865,-0.129177332,-2.140315533,-0.316022217,-0.765690863,-0.467485607,-2.91956234,-1.242475033,-2.722986221,-1.18397522,-1.036352396,-2.068725348,-1.29895997,-2.917595625,-0.940877378,-0.697451293,-1.192867994,-0.033687234
ctrl_0,-0.666541219,-1.109230757,-1.495773435,-2.138099194,-5.002980709,-0.976723552,-1.271808028,-0.702319145,-2.092998505,-1.683419704,-0.714549541,-1.095856547,-1.855320215,-0.893935919,-1.611706495,-5.850977898,-4.812856197,-1.384824872,-1.937584639,-2.033298492,-2.801194668,-6.638757229,-0.493387222,-0.288393259,-0.467131734,-2.163207054,-1.053737879,-1.4462502,-0.018585682,-0.494656801,-1.55924201,-0.572546005,-0.374978542,-1.703920126,-5.636037827,-2.963239193,-4.409575462,-1.057371736,0.216146708,-1.129945755,-2.443350077,-3.440084934,-2.324881554,-0.021743536,-0.549294114,-2.704721212,-0.061504424,-2.072015047,-0.451330543,-0.936430693,-0.291313052,-2.77358532,-1.180476666,-2.575436592,-1.04021883,-0.77685678,-1.818387985,-1.011514783,-2.175071239,-0.629856944,-0.704597235,-1.351620674,0.007863402
EGF_24,-1.102653503,-1.950291872,-1.984566808,-2.640827417,-5.897201061,-0.425913334,-1.355809927,-1.146872997,-2.450193405,-2.20386982,-0.610074162,-1.470528126,-2.418216228,-1.458670735,-2.00117898,-3.7432971,-1.459075689,-1.576297641,-2.493225574,-2.253345013,-2.934440136,-4.887722015,0.35034132,0.278625488,-0.037833214,-2.295268536,-1.216194391,-1.487775803,-0.395142078,-0.783216,-1.799617767,-0.677855849,-0.391369343,-1.597092271,-4.106666088,-2.505580664,-4.936506271,-0.600512862,-0.150628805,-0.399151087,-1.921640873,-3.182872057,-2.292138577,1.426189423,-0.301669359,-2.802526474,0.198631763,-1.298238754,-0.264865994,-1.056681871,-0.427967846,-2.796901464,-1.397656918,-3.219196558,-1.591899157,-0.669658601,-1.870902061,-1.23329711,0.550093591,0.126237571,-0.857897341,-1.54881072,0.108954668
EGF_24,-0.829001546,-1.205296159,-1.160735846,-2.230194569,-5.261221886,-0.781627715,-0.970419586,-0.735842645,-2.193006277,-1.810803652,-0.591519535,-1.358772993,-2.076169968,-1.10115087,-1.81899929,-3.403961658,-1.93682456,-0.806896567,-1.890700698,-1.682927251,-2.240228891,-5.454138279,0.527893066,0.006428719,0.041813135,-2.544642687,-1.093938947,-1.507813215,-0.228451729,-0.963347733,-1.359154344,-0.266219735,-0.609479725,-1.715435505,-4.190741539,-3.121818542,-5.121818542,-0.40783596,0.123563528,-0.232754946,-1.915914297,-2.970031261,-2.182394028,1.123745441,-0.518990994,-2.915540218,0.376720548,-1.354283333,-0.279201508,-1.146841288,-1.037502527,-2.836199284,-1.274076462,-2.99156332,-2.187215805,-1.110989094,-2.228752613,-1.549441814,-0.245582581,-0.512761116,-0.896942854,-0.92779851,0.176491261
EGF_24,-0.909063458,-1.394738436,-1.718575001,-2.431410551,-5.617871284,-0.722084165,-1.275263309,-0.46715939,-2.265960455,-2.047560215,-0.644317508,-1.242658138,-2.12137723,-1.250500441,-2.057767868,-3.447545767,-1.460827708,-1.315369606,-2.230026484,-2.218358517,-2.624423504,-5.385210991,0.248140097,-0.029456615,-0.416629672,-2.226756811,-1.239880085,-1.473417044,-0.516631126,-0.915629506,-1.725601792,-0.254043341,-0.62680316,-1.694722176,-4.18825531,-3.644719362,-5.046194553,-0.468530774,0.041482449,-0.709779143,-2.099808455,-3.173601866,-2.116750717,1.476813316,-0.544800997,-3.116113663,-0.129173517,-1.790223002,-0.625696301,-1.265782714,-1.055076957,-2.916856289,-1.158215404,-2.92570734,-2.126619816,-1.298459649,-2.597578049,-1.639736056,-0.116767883,-0.350767493,-0.91740799,-0.968507051,-0.053863645
EGF_4,-0.505713463,-1.129144669,-1.636839747,-2.207957029,-5.652503014,-0.906977892,-1.172548532,-1.02443707,-2.284327984,-2.153557301,-1.259571552,-1.375932336,-2.185632229,-1.211675763,-2.280247688,-5.650160789,-3.537656784,-1.324784994,-2.071843863,-2.49605298,-2.881428957,-6.95233345,0.074200869,0.078201294,-0.05190134,-2.24989748,-1.129042745,-1.784172893,-0.513175726,-0.981571913,-1.433861375,-0.623676538,-0.61533618,-1.420390725,-5.329402924,-3.184043407,-4.6437397,-0.69227016,-0.218735218,-0.511945963,-1.708969116,-3.043712616,-2.001492023,0.266505718,-0.738869548,-2.926418781,0.010860562,-2.264195442,-0.864976227,-1.176136494,-0.709678411,-3.234103441,-1.438614607,-2.921470165,-1.42061615,-1.121556282,-2.025007725,-1.817412376,-1.50893259,-0.708528578,-0.865937293,-1.954482079,-0.181510299
EGF_4,-0.685434103,-1.122313261,-1.121556044,-2.104997635,-5.302470207,-1.372044325,-1.424021721,-0.790526271,-2.233137131,-2.509977341,-1.009774446,-1.111170411,-2.008804798,-0.925675511,-1.890670538,-6.038731575,-4.812072754,-1.053542256,-2.104767561,-2.022657156,-2.557552338,-6.298251629,-0.028595924,-0.335655212,-0.523608685,-2.514404774,-1.19030714,-1.691342473,-0.014416218,-0.734728098,-1.365202785,-0.700620294,-0.546956658,-1.822920442,-5.948373795,-3.426465511,-4.667002678,-0.983819604,-0.531710505,-0.872231722,-1.998822927,-2.976323366,-2.27643466,-0.4597193,-0.750310063,-2.695670605,-0.297151983,-2.273723364,-0.826853335,-1.526015043,-0.858569801,-3.275583744,-1.910740376,-3.270009995,-1.613304853,-1.086141825,-2.279311657,-1.69995904,-3.007903099,-1.543279648,-1.25754714,-1.539363146,0.060607374
EGF_4,-0.964686394,-1.148153543,-1.712288499,-2.325037479,-5.690711021,-1.090325952,-1.302036047,-0.709314585,-2.557007551,-1.938817859,-1.404973269,-1.299225569,-2.22218132,-1.127556801,-2.059570074,-6.0905509,-4.06062746,-1.323503017,-2.191745996,-2.203375816,-2.885852814,-6.259936333,-0.499631405,-0.409484386,-0.561459541,-2.48533392,-0.897337914,-1.891721249,-0.438711405,-0.702215672,-1.643872023,-0.614785194,-0.653145552,-1.98884511,-5.750878811,-3.166105747,-4.711596489,-0.943361282,-0.006564856,-1.182844639,-2.521392584,-3.338759661,-2.118995905,-0.209592819,-0.698233604,-2.883200407,0.103807062,-2.297116041,-0.643526971,-1.291578054,-0.528049707,-2.891821861,-1.50356698,-2.960466385,-1.389732361,-0.941550434,-1.845778227,-1.384810209,-2.361414671,-0.870335281,-0.672025502,-1.249362946,0.142847881
EGF_48,-0.617514253,-1.091935873,-1.428114891,-2.102568865,-5.126976013,-0.072876453,-1.220450044,-0.905047536,-2.092686653,-1.282782555,0.249956846,-1.312702537,-1.996482253,-0.919408739,-1.079807997,-3.184516907,-1.507112384,-1.296463013,-1.546693325,-1.771393061,-2.140370846,-4.88229084,0.727818489,0.181419134,0.0639534,-2.4581213,-1.208553553,-1.492063403,-0.365166306,-1.174501061,-1.839086294,-0.580293536,-1.051305413,-2.224193573,-3.775004864,-2.583867073,-4.754261494,-0.044387937,-0.075513124,-1.269608021,-2.308334827,-3.964210033,-2.844135761,1.047651529,-0.550356388,-2.818235874,-0.354624987,-1.735505223,-0.653921843,-0.983052611,-0.188060045,-2.716972828,-0.923639059,-2.634510517,-1.429724097,-0.615356922,-1.674374938,-1.013211131,-0.09694612,-0.279099345,-1.286803126,-1.859930635,-0.013211131
EGF_48,-0.895361781,-1.831906199,-1.438467264,-2.422420263,-5.322442055,-0.807370067,-1.369845867,-0.860429168,-2.27603364,-1.45287323,-0.181184769,-0.908576369,-2.09961772,-1.43078804,-1.255468607,-3.20659256,-1.496548891,-1.307703495,-1.713097572,-1.81745398,-2.032303333,-4.641199112,1.044503212,0.239896536,0.183078527,-2.252081394,-1.229157805,-1.312424421,-0.272378922,-1.684159279,-1.752166271,-0.796358466,-1.189259887,-2.135021448,-3.463335514,-2.148223639,-4.394979477,-0.495440722,-0.313475728,-1.038311601,-2.271795034,-3.52775383,-2.51993227,1.758925915,-0.118325949,-2.454528809,-0.163140178,-1.511665106,-0.384924233,-0.974150419,-0.548742294,-2.768553734,-0.668647766,-2.474384069,-1.138481975,-0.704061151,-1.274326682,-0.871415854,0.090049595,-0.035063684,-1.617106199,-2.001631022,-0.104785025
EGF_48,-0.48417151,-1.348109007,-1.116664529,-2.200288534,-5.140776157,-0.404022694,-1.164018035,-1.121624708,-2.216954231,-1.600580573,-0.105145931,-0.74095726,-2.029013872,-1.126470804,-1.448349714,-3.339947701,-1.134891868,-1.083749413,-1.71182704,-1.688783884,-2.302410603,-4.554048061,1.151296854,0.415210247,0.335183382,-2.94158721,-1.536771178,-1.276485443,-0.13294673,-1.846567392,-1.95085001,-0.84332931,-2.074228287,-2.958537102,-3.321207047,-2.120383024,-4.682404995,-0.458966017,0.034380436,-0.800101995,-1.960172892,-3.452866554,-2.683562756,1.577008486,0.040440798,-2.484465599,-0.381788433,-1.596035719,-0.397423685,-0.95513469,-0.409862876,-2.543958902,-0.983100951,-2.736603975,-1.007251501,-0.662603378,-1.262238979,-0.792199552,0.143442377,-0.215717018,-1.32382822,-2.67525363,-0.135858864
EGF_48,-0.837505341,-1.424224377,-1.331634521,-2.269061089,-5.379091263,-0.62000072,-1.246209264,-1.359989166,-1.968217134,-1.249926806,-0.262454987,-1.23299861,-2.330377817,-1.368476391,-1.480911493,-3.748656988,-1.47543788,-1.188602209,-1.885668159,-1.890722275,-2.263933659,-5.051906586,0.47769475,-0.250520945,-0.016039848,-2.550596635,-1.225970984,-1.319615364,-0.388258219,-1.180805206,-1.927618623,-0.972850323,-0.794937253,-1.978023052,-3.168926239,-2.501224279,-4.48472786,-0.459048629,-0.27082777,-1.348495483,-2.539433479,-4.04969883,-2.757412195,1.343170166,-0.062508583,-2.578085423,-0.596382499,-1.329360008,-0.222307205,-0.900737047,-0.21013248,-2.587520838,-1.207473755,-2.57528162,-0.840908289,-1.087462902,-1.442216873,-1.173636198,0.072773099,0.123633802,-1.014385939,-1.59986496,-0.008974433
EGF_48,-0.807019949,-1.474934578,-1.607603669,-2.454010963,-4.982508659,-0.623597741,-1.076584697,-0.889286041,-2.71303153,-1.027449489,-0.482404113,-0.940481544,-2.025366306,-1.159392595,-1.022211313,-3.735637665,-1.531718135,-0.952920675,-1.747548819,-1.784126282,-2.199244738,-4.433671951,0.843302727,0.345899105,0.362699509,-2.550596635,-1.24289763,-1.02507925,-0.349979758,-1.079637408,-1.625881553,-0.655627847,-1.237565756,-2.162941694,-3.432118416,-2.221276045,-4.255387783,-0.65274179,-0.178741932,-0.942852259,-2.217498779,-3.494774342,-2.382205248,1.751226902,-0.250764728,-2.517210484,0.237734854,-0.976738036,0.15787816,0.044734597,-0.515341103,-2.508374929,-0.45549804,-2.101700783,-0.677388132,-0.340304315,-1.019675732,-0.168216109,0.19676137,0.293409735,-1.194251299,-1.987837553,0.427865863
EGF_8,-0.641966105,-1.133075237,-1.723890901,-2.276340485,-5.815728188,-0.944454253,-1.138470888,-0.675060272,-2.162201166,-2.035684347,-0.994908929,-1.123495698,-2.095940351,-1.121850491,-2.257792711,-4.610767365,-2.572062492,-1.194432497,-2.104850531,-1.990849018,-3.121850491,-6.66628027,-0.38023901,-0.122837424,-0.333791733,-2.058163404,-0.994382024,-1.694614768,-0.169023275,-1.014160395,-1.335745096,-0.556811094,-0.605872154,-1.88018477,-5.15882349,-3.102577209,-4.846916676,-0.617764711,-0.69492054,-0.407489061,-1.811876416,-2.79355669,-2.192790747,0.341194034,-0.636787772,-2.79146266,-0.050607145,-1.970155597,-0.537349582,-0.619902134,-0.489028811,-2.866204739,-1.328290582,-2.772853851,-1.692854762,-1.012753129,-1.959828258,-1.515253425,-1.256383777,-0.381397724,-0.872002363,-1.172307611,-0.013020098
EGF_8,-0.589661598,-1.247452378,-1.507839203,-2.310412169,-4.891519547,-0.812388778,-1.161583424,-1.072287202,-1.736335754,-2.003227711,-1.223578811,-1.358348489,-2.450078964,-0.839227676,-1.979622126,-5.815672398,-4.464978695,-1.383536577,-2.409113169,-1.99080205,-2.685101748,-7.247505188,-1.301396728,-0.47211647,-0.930865884,-2.058163404,-1.036454678,-1.551555634,-0.67900157,-0.964443922,-1.405397773,-0.730236888,-1.055737972,-1.569789648,-6.766428947,-3.30743742,-5.146393776,-0.789417982,-0.688645363,-1.396238923,-2.642828226,-3.206083298,-2.337464571,-0.366437674,-0.815633297,-3.288630009,0.059897959,-2.25355196,-0.590883613,-1.222195387,-1.083000898,-3.036806345,-1.108893871,-2.640683413,-1.895999908,-0.781876802,-2.613306999,-2.120409727,-2.343658924,-1.110168695,-0.420662045,-1.508718252,0.441023529
EGF_8,-0.679738641,-0.990654707,-1.654015541,-2.22635746,-5.416874409,-0.800578117,-1.172481656,-0.959875107,-2.482889414,-1.904003382,-0.567062378,-1.015971899,-1.512838244,-0.545047998,-1.872998238,-4.8528018,-3.877673626,-1.519151092,-2.282711029,-2.207946539,-2.746814489,-6.354097366,-0.350494862,-0.200134993,-0.522742987,-2.058163404,-1.089560747,-1.527392864,-0.292655468,-0.287619114,-1.369243264,-0.302079678,-0.670436978,-1.464246869,-5.962626219,-3.627406597,-4.566287041,-0.241208792,-0.181511641,-0.640117645,-1.904855251,-2.588151932,-1.984383106,-0.138418674,-0.94582355,-2.805740118,-0.097243249,-2.372777462,-0.805170655,-0.993412733,-0.834781647,-3.608167171,-1.838286757,-3.244630337,-1.684689403,-1.097625017,-2.129282951,-1.794917703,-2.597327709,-1.005542278,-1.119169712,-1.522112846,0.882767022
HGF_24,-1.180179715,-1.195295453,-1.259928465,-2.240586042,-4.880619049,-0.701039433,-1.086368918,-0.11918664,-1.985524058,-1.740677595,-0.808570385,-1.24789238,-1.858195066,-0.898569226,-1.700938225,-4.614070892,-2.574934721,-1.127840877,-2.017079353,-2.001652002,-2.754171133,-5.847952843,0.139827013,-0.217799306,-0.51089716,-2.373430014,-1.17124176,-1.537283897,-0.187930584,-1.088685989,-1.422773838,-0.555665851,-1.168368101,-2.283623457,-4.707028389,-3.275003195,-4.85875988,-0.551961541,-0.266996264,-0.758749723,-2.191804171,-3.298106194,-2.378929138,0.687476873,-0.546172619,-2.670868397,-0.041873455,-1.70062077,-0.274301291,-0.870913625,-0.657725096,-2.831080914,-0.656583309,-2.486658096,-1.16757381,-0.76683867,-1.612742543,-0.851839662,-0.834304929,-0.838183045,-0.824654698,-1.363242507,0.243901372
HGF_24,-0.991154432,-0.950427771,-1.701448917,-2.333885431,-5.138384342,-1.03702879,-1.181159258,-0.622915626,-2.138090611,-1.668629766,-0.90424943,-0.948688507,-1.489368081,-0.795810103,-1.346553326,-5.41321516,-3.417841911,-1.323246121,-2.115510464,-2.010578871,-2.198967695,-6.551856041,-0.613239765,-0.30010426,-0.606723428,-2.179194212,-1.274662018,-1.616355538,-0.17402935,-0.678792477,-1.458697796,-0.388771415,-0.703783154,-2.001735449,-4.967937469,-3.378805161,-4.847809792,-0.711900949,-0.579502463,-1.033337474,-2.469926596,-3.417485714,-2.350290298,0.041589737,-0.786401987,-2.974738598,-0.011240959,-1.61823523,-0.361121178,-0.681926131,-0.19209528,-2.627935886,-1.088381648,-2.499703884,-0.972618222,-0.507641554,-1.482979417,-0.934668183,-1.055282474,-0.424516201,-0.902915835,-0.692066073,0.234587789
HGF_24,-1.158341169,-0.02059558,-0.875975251,-1.59986496,-4.707614422,-0.194740206,0.014243931,1.84246695,0.12230368,-0.936329126,-0.244342685,-0.510974705,-1.504432917,-0.176522166,-1.032049775,-3.44198513,-2.996388316,-0.275975287,-1.490479827,-1.195325494,-2.110090733,-6.199904442,0.24658154,0.216097862,0.043143898,-2.421755791,-0.548615575,-1.404961705,-0.145278096,-0.951408505,-1.286744833,-0.436670601,-0.852400184,-2.142679453,-4.837482929,-3.553609371,-4.853284836,-0.675143838,-0.482362688,-0.968980312,-2.52979517,-3.453140259,-2.333219051,0.917778373,-0.569959462,-2.981375694,0.665869236,-1.754749298,-0.142704725,-0.629839897,-1.292947292,-3.074814796,-1.348124027,-2.843144417,-1.60274601,-1.31751585,-1.54786098,-0.893253923,-0.221656084,-0.930979013,-0.760352135,-1.008864403,0.53856492
HGF_4,-0.805506706,-1.233081579,-1.248492837,-2.185877562,-5.516810417,-0.970358491,-1.511019588,-0.767695546,-2.258487701,-1.991830707,-0.944500327,-1.229286432,-1.854010105,-0.945238829,-1.799962282,-6.024232388,-4.231472015,-1.241219997,-2.157484531,-2.143736839,-2.823335171,-6.326676369,-0.142556906,-0.207671881,-0.285183907,-2.267298698,-1.157056689,-1.571055889,-0.212521315,-0.502843022,-1.332667828,-0.803496838,-0.861010313,-1.814152479,-5.459020615,-2.80713582,-4.382160664,-0.799294591,-0.532537818,-1.138539672,-2.392338037,-3.357237101,-2.413203001,0.037164688,-0.753028989,-2.691289902,-0.055934489,-2.234559536,-0.345493853,-0.610679328,-0.254873633,-2.75483036,-1.626473427,-2.882185936,-1.391232014,-1.143872738,-1.898286819,-1.201588154,-2.319872141,-0.75136286,-0.863348782,-1.560932159,0.116760314
HGF_4,-0.670114756,-1.149658799,-1.668331862,-2.281710625,-5.481936455,-1.214255691,-1.330808163,-0.593819141,-2.03470397,-1.635013103,-0.902246952,-0.968394756,-1.611197233,-0.911839366,-1.602730274,-6.881055355,-4.682657242,-1.380783796,-1.861146569,-2.107626915,-2.588891983,-6.227977753,-0.427235126,-0.267947912,-0.390089989,-2.583841801,-1.218978405,-1.373442531,-0.327404261,-0.678202748,-1.73022306,-0.658306718,-1.165080547,-2.19615984,-5.625612259,-3.094299555,-4.390426636,-0.944013119,-0.175067186,-1.135323524,-2.34794879,-3.084557772,-2.390916586,-0.184247255,-0.684345484,-2.713886499,0.081203163,-1.923264861,-0.245864272,-0.55449295,-0.255972743,-2.642735958,-1.00047195,-2.344281197,-0.714876056,-0.477895617,-1.267856121,-0.732018828,-2.277548313,-0.533848286,-0.410169125,-1.027634978,-0.025712073
HGF_4,-0.768726587,-1.101723671,-1.311778426,-2.179972887,-5.063081741,-1.229491949,-0.988981485,-0.410526514,-1.904631138,-1.795178652,-0.813055634,-1.040482044,-1.803765297,-1.097460628,-1.764214516,-6.247264862,-4.707325935,-1.319105983,-2.171942234,-1.706027269,-2.631896973,-6.413667679,-0.645607829,-0.283641815,-0.452739835,-2.252942801,-1.145237565,-1.561468482,-0.241985083,-0.85494709,-1.56436801,0.123788118,-0.505195141,-1.707239389,-6.044579506,-3.342793942,-4.494468212,-0.760884523,-0.179221869,-0.766198039,-2.125484943,-3.203114748,-2.231483459,-0.206232548,-1.072868824,-2.954030514,0.531135201,-2.224562883,-0.545807064,-0.731250942,-0.314917743,-2.73427844,-1.12640667,-2.482254982,-1.230658054,-0.763584077,-1.764910221,-1.234939814,-2.624274015,-0.639600456,-0.568014562,-1.140682459,-0.166740239
HGF_48,-0.712732315,-1.312925696,-1.341490626,-2.235102177,-4.66906929,-1.07795012,-1.423378706,-0.987768769,-2.292862892,-1.484220386,-0.594408989,-1.065356374,-1.722162127,-1.042343855,-1.332193375,-4.174340248,-2.202627182,-1.406829238,-1.88840282,-2.014322758,-2.424297333,-5.932321548,0.010192752,-0.014538884,-0.13823545,-2.49745059,-1.256313562,-1.669341803,-0.92312187,-1.155245066,-1.781544209,-0.641968846,-0.899138153,-2.290976763,-4.006734848,-2.781397104,-4.527118683,-0.608173728,-0.286010861,-0.912690699,-2.445821762,-3.518264771,-2.508003235,0.896941423,-0.395525455,-3.164329052,0.07782948,-1.408843279,-0.216683149,-0.581133604,-0.085752249,-2.626074076,-1.083816051,-2.564297915,-0.924940825,0.137138367,-1.790655136,-1.147911072,0.19761169,-0.474803805,-0.673041582,-1.238918304,-0.132218599
HGF_48,-0.759337008,-1.224097013,-1.231302977,-2.241254807,-4.896187305,-0.999791503,-1.258993268,-0.759955049,-2.210516453,-1.271025181,-0.894344449,-1.063433647,-1.974362493,-0.910820305,-1.134586096,-3.927585602,-2.471765757,-1.076572061,-1.610586166,-1.531117558,-1.915140986,-5.750097752,0.452169061,0.071273088,-0.023130774,-2.49745059,-1.298213124,-1.551762462,-0.538370311,-1.030569077,-1.15941596,-0.607325077,-0.774511695,-1.954418063,-4.209792614,-2.556663513,-4.568370342,-0.332737684,-0.372557998,-0.204915285,-1.670913816,-2.834253311,-1.988779306,0.856714368,-0.420122504,-3.019743204,0.194878936,-1.220737457,0.038722515,-0.707786083,-0.353443623,-2.408428907,-0.507352114,-2.081760883,-0.735641479,-0.519407272,-1.175150871,-1.008970022,-0.592433691,-0.187544227,-0.776756048,-1.283447266,0.231730342
HGF_8,-0.799988508,-1.208739161,-1.647658348,-2.187067509,-5.200919151,-1.361560225,-1.342838764,-0.641090989,-2.158358574,-1.606548548,-0.917511821,-1.091935635,-2.18718648,-0.859588504,-1.761521578,-5.519730568,-3.852927208,-1.209704638,-2.034410954,-1.642434716,-2.523627281,-6.909058094,-0.157135963,-0.022433996,-0.559945345,-2.135245323,-1.084113359,-1.331892252,0.118463039,-0.440496206,-1.625104308,-0.562679529,-0.394215584,-1.78651166,-5.326188087,-2.953850746,-4.554262638,-0.592038989,0.106174946,-0.854577899,-2.039015293,-3.375711679,-2.577596188,0.25667882,-0.931081653,-2.603373289,-0.515016258,-2.556981087,-0.886087358,-1.346952677,-0.894389808,-3.270149946,-1.658836126,-3.152117968,-1.368587971,-1.071337223,-1.708083391,-1.415611982,-2.130079985,-0.981852591,-1.247475386,-2.889594078,0.13806726
HGF_8,-0.829456568,-1.199458957,-1.573620439,-2.397199631,-5.413672447,-1.230721951,-1.05841589,-0.782372475,-2.459158421,-1.645020008,-0.830577016,-1.122655511,-2.044178963,-1.053828955,-1.897644997,-6.567567825,-4.765917301,-1.354725122,-2.196759701,-2.413224936,-2.254734516,-6.545812607,-0.678824186,-0.306251764,-0.599935293,-1.92538619,-1.081126928,-1.18692112,-0.128867626,-1.040198445,-1.389033318,-0.297575474,-0.7875489,-2.165980816,-5.603888988,-3.137045622,-4.775091648,-0.765917063,-0.087720156,-0.928901553,-2.282983065,-3.341621161,-2.498863459,0.186563253,-0.687222958,-2.697816134,-0.21975702,-2.579515457,-1.012056828,-1.420596719,-0.81029129,-3.242820263,-1.418771625,-2.844671726,-1.202070475,-1.239594817,-1.721225023,-1.431963801,-3.364013195,-1.024492741,-1.249941349,-1.979678154,0.034378789
HGF_8,-0.555860996,-0.974856555,-1.477400899,-2.063674212,-4.893686771,-0.965112984,-1.072034955,-0.541701436,-1.748242617,-1.674723864,-0.935928166,-0.971777141,-1.90086472,-0.601163268,-1.585141778,-6.037866116,-4.851675987,-1.324013472,-1.486161947,-2.120025396,-2.199717283,-6.199717045,-0.469064832,-0.130190849,-0.415306449,-2.21711421,-0.954045117,-1.317409158,-0.060726643,-0.531625509,-1.068271279,-0.409759402,-0.470740676,-1.691560626,-6.000089645,-3.201777458,-4.592961311,-0.644007444,-0.113902211,-0.411010027,-2.097220182,-3.313616991,-1.914483905,-0.269303918,-0.80176425,-2.76657486,0.032048941,-2.193017483,-0.516223669,-0.779045105,-0.382988572,-2.98554492,-1.557291985,-3.092687368,-1.143625498,-0.71039176,-1.479404926,-1.328648806,-2.688014746,-0.99962759,-0.615455031,-0.766317129,0.071577311
IFNG_24,-1.873701692,-2.68851161,-2.447795868,-3.548032284,-7.571879387,-1.01882565,-1.317777634,-1.164941788,-2.54115057,-2.683090687,-1.521345019,-2.210682392,-2.966358185,-2.316378117,-3.004612923,-4.227155685,-2.453783751,-1.676971436,-2.242888212,-3.213545322,-3.227418661,-4.830112457,0.430123329,0.171309948,-0.049944162,-2.306619883,-1.223019719,-1.680387735,-0.47505641,-0.922529578,-1.782381535,-0.436350226,-1.001348615,-1.645879507,-4.281279564,-2.990259886,-4.969214439,-0.491466045,-0.089347363,-0.20834446,-2.009014606,-2.856310844,-2.088003397,0.926046848,-0.63515377,-2.917587757,0.5439955,-1.575587869,-0.392467856,-0.913000464,-0.386165321,-2.30367136,-1.161854863,-2.910942554,-1.355898857,-0.589672804,-1.586713433,-1.078658819,0.101546496,0.37146163,-0.850142002,-1.665701747,0.28614229
IFNG_24,-1.725464702,-2.244113207,-2.152514935,-3.104492903,-6.438785553,-1.06949687,-1.325719833,-0.783684373,-2.090569735,-2.442883253,-1.562009096,-2.020153999,-2.955133438,-2.049481392,-2.564162254,-4.832161427,-3.287290335,-1.512979031,-2.174082041,-2.870856047,-2.974027157,-5.415271759,-0.049750805,-0.113868952,-0.284339666,-2.696579933,-1.065460682,-1.514539719,-0.353947878,-0.963635445,-2.189907551,-0.415132999,-0.734529853,-0.926012397,-4.850815773,-3.442175865,-5.307246208,-0.395178318,-0.167782784,-0.32604599,-1.899310946,-2.912575483,-1.955739141,0.758258343,-1.057367682,-3.067586422,0.090449214,-2.012290716,-0.940467536,-1.246165514,-0.926995456,-2.890390635,-1.54466629,-3.282035351,-2.067736626,-1.245673418,-2.086996078,-1.419538975,0.19652918,-0.612818301,-0.834946334,-1.086996317,0.180145085
IFNG_24,-2.41237998,-2.901866198,-2.775247574,-3.563581228,-7.521945953,-0.910663843,-1.4433918,-0.99448204,-2.314437151,-2.711683989,-1.60875845,-2.155071974,-3.452926636,-1.875695229,-3.333238125,-4.207225323,-2.88539362,-1.567672372,-2.36137104,-3.264714718,-3.512689352,-4.971748829,0.321166515,-0.120726347,-0.116338015,-2.772215843,-1.15408504,-1.965624571,-0.380729914,-0.846938491,-1.731638193,-0.295429707,-0.491049767,-1.627893686,-4.973386765,-3.290254354,-4.955474854,-0.545465112,-0.30461216,-0.446515799,-2.180262804,-3.129172325,-2.343128204,0.873207331,-0.713222265,-2.992145777,0.122590482,-1.897309065,-0.826595008,-1.109576225,-1.192939281,-3.005274057,-1.917054653,-3.436947584,-1.871115923,-1.186152697,-2.21031189,-1.75377202,-0.416335166,0.07492727,-0.865266621,-1.484191179,-0.035452247
IFNG_4,-0.982507586,-1.223610997,-1.249832511,-2.179891825,-5.544538498,-0.862726569,-1.467369676,-0.865811348,-1.791981936,-1.902741671,-1.436207056,-1.577245355,-2.43969202,-1.137368679,-2.467539072,-5.775532246,-3.242568016,-1.249881029,-2.091705322,-2.355888844,-3.226044655,-6.50506115,-0.380501509,-0.118716717,-0.364221811,-2.20546484,-0.811914921,-1.557279825,-0.24218154,-0.810839891,-1.501704216,-0.705742359,-0.950354099,-1.492368579,-5.530314922,-3.284126759,-4.535987377,-0.611740351,0.005339384,-0.676928997,-2.127209663,-3.212544441,-2.782258272,0.219321012,-0.904001951,-2.686097145,-0.45380044,-2.836295605,-1.335335135,-1.2856884,-1.132410049,-3.316313267,-1.840506554,-3.270143032,-2.079471588,-1.538488388,-2.375505686,-1.853686213,-1.707653522,-0.839803874,-1.275517344,-1.575833082,-0.035362259
IFNG_4,-0.69958806,-1.338569164,-1.791867971,-2.292725801,-5.531130791,-1.265921712,-1.516530037,-0.874865055,-2.341403961,-2.103952646,-1.102625251,-1.388290524,-1.738066554,-1.020826578,-2.042852879,-6.346991539,-4.436125278,-1.340083599,-1.710698843,-1.996586919,-2.656134129,-6.558165073,-0.445244074,-0.101257801,-0.315177202,-2.161868095,-0.862807274,-1.339008689,-0.233329058,-0.382339478,-1.099312425,-0.417001724,-0.530935287,-1.550793052,-5.66382122,-2.902206898,-4.519128323,-0.780315876,-0.031955719,-0.560241699,-2.378770351,-3.455691099,-2.358826876,-0.075294733,-0.607847214,-2.726584196,-0.267733485,-2.456483126,-0.653275609,-0.5662871,-0.583177149,-3.036338806,-1.622576237,-3.01232481,-1.299500585,-1.005759239,-1.77745223,-1.347316146,-2.964251041,-1.010445952,-0.957598567,-1.462464094,0.016680531
IFNG_4,-0.658714414,-1.195668936,-1.519594789,-2.303153992,-5.330720901,-1.014140606,-0.897498131,-0.842917919,-1.788406372,-2.108001947,-1.151337981,-1.252076626,-2.055915833,-0.98554635,-2.26185751,-5.635216713,-3.965329647,-1.164358974,-2.055390596,-2.267563581,-2.933136225,-6.311532021,-0.401868343,-0.291945219,-0.441355944,-2.388016462,-1.287282348,-1.599409223,-0.112747192,-0.385572195,-1.370535374,-0.622365117,-0.540313482,-1.40010047,-5.918736935,-3.310278416,-4.397302628,-0.666993737,-0.280853271,-0.365286589,-1.798828602,-3.072821617,-2.047954321,-0.352876425,-0.589529634,-2.708953142,0.331895202,-2.092623711,-0.221764326,-0.735960722,-0.462985516,-2.848650455,-1.230877638,-2.66531229,-1.435877323,-0.708187819,-1.967450142,-1.466800928,-2.192465544,-0.662127614,-0.572327495,-0.863662004,0.046486735
IFNG_48,-1.566759586,-2.300721169,-2.468714237,-3.004974842,-7.021618366,-0.38814795,-1.084210396,-1.068993926,-2.163217545,-1.457991719,-0.872557402,-1.608151197,-2.715297222,-1.720537186,-2.014218569,-3.879694462,-2.554460049,-1.323756456,-1.811342716,-2.642697096,-3.421015501,-5.101397514,0.471113563,-0.131771207,-0.10527277,-2.401329041,-1.146630645,-1.553084612,-0.302742362,-1.08044076,-1.556250095,-0.568981886,-1.539538145,-2.198264599,-4.688774586,-2.497527123,-4.576088429,-0.398176789,-0.109967351,-0.841079772,-2.129206896,-4.029247761,-2.726106167,0.855985999,-0.829127908,-2.959441185,-0.158618629,-2.388332129,-0.681268036,-1.26497221,-0.663750231,-3.108949661,-1.392448187,-2.854974508,-1.339833498,-1.095466614,-1.495668888,-1.322058916,-0.231712401,0.014321625,-1.473698616,-2.30450058,0.151401103
IFNG_48,-1.497593403,-2.015564919,-1.846502662,-2.751429796,-6.45710516,-0.441045284,-0.898246646,-0.660750747,-1.921733022,-1.641570568,-0.874686956,-1.414561033,-2.685303688,-1.763167501,-1.912938476,-3.786792278,-2.225895882,-1.133831859,-1.807804227,-2.323522091,-2.720139503,-4.95968008,0.449785352,-0.017424107,-0.001880169,-2.516400814,-1.233463526,-1.43849659,-0.088522673,-1.440823555,-1.581779838,-0.41309166,-1.564641595,-2.218842983,-4.699827194,-2.963498592,-4.572881699,-0.534391284,0.053368688,-0.928170025,-2.369220257,-3.850179672,-2.579946995,0.83110106,-0.501404643,-2.787920475,-0.080711782,-1.97052896,-0.392332792,-1.077073216,-0.390396237,-2.844997883,-1.219933867,-2.721383572,-1.189870715,-0.751722813,-1.520243764,-1.125642657,-0.503054023,-0.114411294,-1.076554179,-1.839703679,0.152126133
IFNG_48,-2.120675564,-2.591217518,-2.55955267,-3.077853918,-6.739361763,-0.436496973,-1.075346589,-1.187558889,-2.405360937,-2.248485088,-0.977001369,-1.71516192,-2.902328014,-1.669773817,-2.557145357,-3.957246065,-3.050201416,-0.992071331,-2.243902206,-3.213257313,-2.916283607,-4.917406082,-0.150550842,-0.11785078,-0.192475319,-2.458864928,-1.371706605,-1.596151471,-0.25733912,-1.273594499,-1.744240999,-0.88864398,-1.159237027,-2.085087061,-4.69430089,-3.560209751,-5.008944511,-0.566578388,-0.615032673,-1.094259143,-2.261608601,-3.487151623,-2.351846457,0.400925159,-1.060780525,-2.944605827,0.169406652,-2.138867617,-0.250531077,-1.022782803,-0.352202535,-2.831231356,-1.221794605,-2.31334281,-1.109152555,-0.633488655,-1.868739843,-1.366008282,-0.10528779,0.498844445,-1.063445568,-0.899866581,0.231538177
IFNG_8,-0.876905501,-1.225185871,-1.677944422,-2.333165169,-5.452622414,-0.925512552,-0.984161377,-0.350697398,-2.362115145,-2.056324959,-0.853202581,-1.058692694,-2.070589542,-0.896846831,-2.442940712,-5.221149445,-3.360478401,-1.107370257,-2.09682107,-2.561761856,-2.852134228,-6.738149166,-0.557469726,0.117946267,-0.483271599,-1.781134963,-1.04135716,-1.887220383,-0.113559723,-0.932009041,-1.540560007,-0.190086126,-1.119776011,-1.764961481,-6.452622414,-3.52567935,-4.563374519,-0.540096879,-0.952996612,-0.771781981,-2.094098568,-3.154401302,-2.207844496,-0.176035166,-1.058787465,-2.511858463,0.230572462,-2.703474522,-1.312152982,-1.04823339,-1.122389197,-3.408276558,-1.733996511,-3.345299244,-2.045286179,-1.210434556,-2.518399715,-1.73637116,-2.765178204,-1.088622451,-1.101575255,-1.409223676,0.54065752
IFNG_8,-1.163148761,-1.002822161,-1.449060917,-2.256640911,-6.101037979,-0.935237765,-0.858544111,-0.43751061,-1.958743811,-1.92192626,-0.946201921,-1.14101553,-1.879543185,-1.083627939,-2.100723505,-4.779109478,-2.282238483,-1.318673015,-2.028585196,-2.327283859,-2.755922318,-6.101037979,-0.207445502,-0.158809304,-0.507305026,-1.781134963,-1.041566134,-1.476920486,-0.190214872,-0.952565551,-1.446863294,-0.811709642,-0.913004637,-1.772464395,-5.384830475,-3.447762012,-4.786164284,-0.593408823,-0.190131307,-1.079598188,-2.599720716,-3.852316856,-2.627056122,0.43422401,-0.60071981,-2.772589445,-0.091926455,-2.38182497,-0.914999366,-1.223094583,-0.968749166,-3.502801418,-1.855538487,-3.320424557,-1.869763017,-1.308451772,-2.041200638,-1.684283376,-1.099320769,-0.503654122,-0.929825664,-1.291413426,-0.292518497
IFNG_8,-0.586452246,-1.04673624,-1.765412807,-2.312294245,-5.241789341,-0.919861317,-1.231034756,-1.065055966,-1.87422514,-2.272949219,-0.825698853,-1.097020268,-1.931360006,-0.959754109,-1.733000517,-6.300221443,-4.24734211,-1.119383931,-1.932850361,-1.613085985,-2.498097181,-6.58652544,-0.531790018,-0.477287292,-0.659214973,-1.781134963,-1.439126253,-1.785467863,0.078082085,-0.416111946,-1.768403292,-0.429790974,-0.64147675,-2.884282589,-5.918726445,-3.456237555,-4.400272369,-0.443302155,-0.441544056,-1.219734311,-2.003225803,-3.105714083,-2.593874931,-0.114328384,-1.105346322,-2.748336315,-0.067832321,-2.399548054,-0.966334105,-0.874748349,-0.461760134,-3.655724049,-1.299488783,-2.774234533,-1.65162468,-1.088859558,-1.860822201,-1.03485167,-3.048261642,-1.272258759,-1.15653944,-1.186304092,-0.048839003
OSM_24,-0.759384334,-1.199987292,-1.650488615,-2.373085976,-5.899466515,-0.544473827,-1.144394279,-0.358859301,-2.005614042,-1.866158009,-0.587808728,-1.417520642,-2.498380661,-1.570815086,-1.813178897,-3.364446878,-1.906974196,-1.396672726,-2.403736115,-2.142916203,-2.747401237,-4.879635811,0.751113057,0.32555306,0.005342424,-2.46152401,-1.306414843,-1.201909781,-0.303418815,-0.669250906,-1.76377964,-0.604750514,-1.66818738,-1.68691349,-4.360146523,-3.034102678,-4.802928925,0.033641994,0.150438368,-0.915940464,-2.605768204,-3.938683033,-2.881483078,1.476144075,-0.504536748,-2.648127556,-0.412377954,-2.095820189,-1.095820189,-1.537824869,-1.444148541,-3.32366538,-2.072265625,-4.003824234,-2.085467815,-1.648856163,-2.147188663,-1.673011303,-0.519790888,-0.43990314,-1.344675779,-1.574583292,-0.126952052
OSM_24,-0.999157548,-1.269391418,-1.424313307,-2.473350763,-5.447381973,-1.16450882,-0.850033998,-0.91007483,-2.252670765,-1.96816659,-1.234713078,-1.180996895,-1.878812194,-1.467280626,-2.171172619,-4.076015472,-2.440047741,-1.153220654,-1.852527022,-2.200771332,-2.665033579,-5.586210251,0.313918114,-0.097959638,-0.330675364,-2.1013906,-1.055695295,-1.687981009,-0.187238455,-1.046685696,-1.71804738,-0.492901444,-1.170262098,-1.574719191,-4.630604267,-3.192582607,-5.051218033,-0.238843441,-0.264808297,-0.974576592,-2.440230846,-3.512816906,-2.355686903,0.82464695,-0.382852435,-2.788137436,-0.34828943,-2.081935644,-0.837252557,-1.061244965,-0.839653075,-2.845671892,-1.577152491,-3.337223291,-1.763611794,-0.840454161,-1.968135357,-1.558579683,-0.671286047,-0.571489155,-1.379093409,-1.54284811,0.107538342
OSM_24,-0.632224619,-1.035292029,-1.424589515,-2.213969231,-5.292593956,-0.708726883,-1.162335277,-0.445802033,-1.901152849,-1.938699961,-0.407414436,-0.937800705,-1.780157566,-0.897526205,-1.717299342,-3.579474926,-2.414546013,-1.430541039,-2.060660362,-1.88843739,-2.829583406,-5.387631893,0.217710853,-0.119824946,-0.422611177,-2.487117291,-1.213813782,-1.868714571,-0.514151752,-1.288985252,-1.33763504,-0.646637082,-1.343577981,-1.797066569,-4.495375395,-3.501472473,-5.365350246,-0.475884259,-0.317693651,-0.741195679,-2.11306572,-3.318445683,-2.298518896,0.763537765,-0.81996417,-3.154851437,0.092521787,-1.496854901,-0.32153666,-0.883197904,-0.876472116,-2.858372688,-1.369973779,-3.137399197,-2.016278267,-1.203201175,-2.123681068,-1.978749156,-0.525880933,-0.710920691,-0.786361337,-1.081080794,0.021250725
OSM_4,-0.948498368,-1.154627562,-1.629025698,-2.236381769,-5.547107697,-1.014120579,-1.183928728,-0.516407728,-2.454229593,-2.148568153,-1.09723103,-1.055887222,-1.902386308,-1.107426763,-1.939736366,-4.874883175,-3.099421024,-1.431258202,-2.374023199,-2.44094491,-2.811623096,-5.788219452,-0.312032223,-0.447771311,-0.650195837,-2.312606812,-1.02518034,-1.552526474,-0.399270296,-0.471954584,-1.406256676,-0.615455866,-0.9620502,-2.006761551,-5.736665249,-3.395645618,-4.644855022,-0.708097696,-0.199980021,-1.170491338,-2.327198029,-3.383141279,-2.391933918,0.124714851,-0.728249311,-2.90484643,-0.55984211,-2.649189472,-0.8262707,-1.453375459,-0.933214903,-3.242189407,-2.066009521,-3.359683037,-1.653202653,-1.191702366,-2.210305214,-1.943826079,-1.830429912,-0.921067595,-1.29921639,-1.73661077,-0.101438224
OSM_4,-1.328372002,-1.266484261,-1.56709218,-2.655842543,-6.215519905,-1.12868309,-1.179944277,-0.953511357,-2.524117231,-2.205902576,-1.127821684,-1.453649282,-2.499601841,-1.388431668,-2.301724672,-5.690338135,-3.572302341,-1.306500912,-2.454336166,-2.715997219,-3.452178478,-6.97123909,-0.004915476,-0.485491157,-0.598909616,-2.244403124,-1.252164841,-1.488503218,-0.405362844,-0.519796729,-1.42643702,-0.429569364,-0.109156966,-2.115584612,-5.115274429,-3.393033981,-4.86408329,-0.693578601,-0.207928419,-1.483086109,-2.843883514,-3.951154709,-2.657197475,0.361212492,-0.928548336,-2.930799961,0.068367243,-2.224515677,-0.398862839,-0.72551918,-0.86153245,-3.496501684,-1.513058662,-2.637901545,-1.649502754,-1.336588383,-2.351399183,-1.621488333,-0.913535833,-0.234465361,-0.906559229,-1.11362195,-0.01278615
OSM_4,-0.638020515,-1.069366455,-1.653054237,-2.316004276,-5.75364399,-1.293311834,-1.059553385,-0.765367985,-1.911313891,-1.747936726,-0.780145645,-0.988625526,-1.711747885,-1.632138252,-1.752405763,-6.221487999,-4.324191093,-1.239795685,-1.748696327,-1.850418568,-2.519913197,-6.25347805,-0.595330834,-0.141332865,-0.227962017,-2.176199436,-0.76556015,-1.677619696,-0.50668025,-0.782963753,-1.265863776,-0.62841928,-0.905636787,-1.685144424,-5.425969839,-3.093169689,-4.75364399,-0.660987735,0.448660851,-0.975337863,-2.304508686,-3.109422207,-2.389782667,-0.035714388,-0.771145105,-2.707495213,-0.069545627,-2.331824064,-0.675759912,-1.050368667,-0.652022481,-3.16519165,-1.646965146,-2.861066341,-1.213191986,-1.194407225,-2.112572193,-1.81830132,-2.636903286,-0.590472937,-0.702052712,-1.67092073,-0.333734781
OSM_48,-1.393795133,-1.978405952,-2.212472439,-3.006553173,-6.386479378,-0.78159523,-1.666851282,-0.87935257,-2.349763393,-2.305239201,-1.037378073,-1.315004826,-2.760519266,-2.199593544,-2.300333977,-3.969842911,-2.547708511,-1.444719076,-2.018122673,-2.255643129,-2.98308444,-5.092327118,0.581018806,0.30838263,0.300362945,-1.980516911,-1.396510363,-1.604130983,-0.461048007,-0.867235184,-1.668673515,-0.869399071,-1.164629459,-1.89754355,-4.367412567,-2.737896442,-4.804718971,-0.301841617,-0.388329625,-0.037142754,-1.739682913,-2.974944592,-1.96670115,1.535869479,0.115185857,-2.384481192,0.507071793,-1.237556338,-0.445321202,-0.790521622,-0.54259932,-2.493777752,-0.687151194,-2.536897659,-1.161352277,-0.640785933,-1.23613441,-1.115527511,-0.10413301,-0.135935545,-0.992177129,-1.857076049,-0.442038655
OSM_48,-0.836016059,-1.378598928,-1.68858254,-2.387215137,-6.624310732,-0.694925845,-1.111006379,-0.505943358,-2.034315586,-1.584713221,-0.301594853,-1.134763479,-2.132575035,-0.774689734,-2.00274539,-3.833903313,-2.472518921,-0.892755389,-1.929682016,-1.839692831,-2.320619583,-5.818870544,0.475167394,0.131006002,-0.273745954,-2.207467794,-1.075891614,-1.203012228,-0.133737206,-1.089622855,-1.542337656,-0.633390725,-1.138052225,-1.766183257,-3.957253933,-2.68256712,-4.815356255,0.03473568,0.293117523,-0.561252773,-2.082608938,-3.116807699,-2.327799797,1.36198473,-0.388764858,-2.471827269,0.116657376,-1.543361664,-0.495695114,-1.023207426,-0.661118746,-2.602980137,-0.598454714,-2.427597523,-1.277430534,-1.02580905,-1.448389292,-1.297200918,-0.928474188,-0.097892165,-0.554588795,-1.487303734,0.15123558
OSM_48,-0.913835049,-1.506404996,-2.000063896,-2.587841988,-6.862142086,-0.899097025,-1.279350162,-0.610013127,-2.174054146,-1.870532513,-0.461702704,-1.332127929,-2.446640015,-1.306446075,-2.275940657,-3.455729008,-2.40237236,-1.686856151,-1.677829027,-2.426568508,-2.297147989,-5.476212978,0.808860898,0.406960487,0.362257481,-2.093992353,-1.325864792,-1.492308617,-0.491140127,-1.577311993,-2.002879381,-0.727133632,-1.492848277,-2.539470434,-4.16233325,-3.35222435,-5.044202328,0.208158731,0.037728667,-0.855765343,-2.155708313,-3.4941082,-2.582088947,1.527006984,-0.289861798,-2.674152374,0.3690238,-1.778537989,-0.822562456,-0.557835817,-1.463458538,-3.127655983,-1.1326859,-2.901920319,-1.813111067,-1.020442247,-2.166673183,-1.952904224,-0.36251533,-0.149154782,-0.874277592,-1.115158081,-0.161952257
OSM_8,-0.62148273,-1.384731054,-1.723902583,-2.258209705,-5.712905884,-0.822156429,-1.144733906,-0.591071367,-1.912308097,-2.057462215,-1.019967794,-1.466398239,-2.122655869,-1.044830203,-2.140356064,-4.335431576,-2.739146233,-1.168722868,-2.061288834,-2.14197588,-2.930250645,-5.684298515,-0.09917891,-0.118862748,-0.170085669,-2.164024591,-0.959160089,-1.424395323,-0.580159783,-0.970125198,-1.355212688,-0.667053103,-0.289600372,-1.517839909,-5.330990314,-3.318846703,-4.81774807,-0.966173887,-0.215584159,-0.289824843,-1.746767044,-3.000808239,-2.127301216,0.349787235,-0.664780855,-2.966532707,0.173451483,-1.891703725,-0.347998738,-0.590222239,-0.655317307,-2.92804575,-1.476666331,-3.010260582,-1.527539611,-0.887097001,-1.8032161,-1.267296195,-1.008035779,-0.245839357,-0.809498072,-1.188978553,0.328049481
OSM_8,-0.437358379,-1.182491779,-1.231156111,-2.220863104,-5.373915672,-0.93267858,-1.108681679,-0.418407559,-1.943657517,-1.94000876,-0.75891149,-0.984414339,-1.728013396,-0.835590243,-1.81366837,-5.442468643,-3.824840069,-1.38718617,-1.932859778,-2.137016058,-2.764224529,-6.431497574,-0.135798216,-0.263927341,-0.591578007,-2.478712082,-1.047727823,-1.322497964,-0.272696614,-0.988428354,-1.376132965,-0.354398608,-0.699561477,-1.635998964,-5.89469099,-3.12716341,-4.706880569,-0.703577042,-0.202533126,-1.112715125,-2.248426199,-3.188179255,-2.420609236,-0.254493356,-0.862908006,-2.787641287,-0.021788001,-2.109547615,-0.475003004,-0.488469124,-0.50745213,-2.855791092,-1.294287324,-2.72059679,-1.279314876,-0.809475064,-1.700512767,-1.13370955,-1.833748698,-0.351673841,-0.583356142,-1.438111663,0.09635675
OSM_8,-0.833109379,-0.974657655,-1.324717879,-2.105205059,-5.719050407,-0.946702003,-0.834638,-0.097557664,-1.952602625,-1.96929574,-1.229394913,-0.911998093,-1.780696511,-0.673544586,-1.793831348,-6.029729843,-4.069671154,-0.936202884,-1.783277035,-2.139981747,-2.752250195,-6.057898045,-0.486660063,-0.174709797,-0.391135335,-2.103361607,-0.78088069,-1.750085115,-0.242714405,-0.830533564,-1.277568102,-0.539667189,-0.390573144,-2.212652683,-7.394301414,-3.483808994,-4.883339882,-0.707013667,-0.053561568,-0.155061364,-1.537098408,-2.791788578,-2.101520061,-0.202009082,-0.721522987,-2.743608952,0.320068002,-1.744212866,-0.177820921,-0.698246956,-0.639152288,-2.924554586,-1.283209324,-2.496831656,-1.568533182,-0.82058239,-1.940321684,-1.485220432,-2.615226507,-0.904117823,-0.745077848,-1.204942465,0.392268181
TGFB_24,-1.855183005,-2.002912045,-1.911050558,-2.825433493,-6.28465271,-1.231217265,-0.945813179,-0.595860958,-2.375581265,-2.232273817,-1.297939181,-1.78022778,-2.663324833,-1.383619308,-2.606324911,-4.182002544,-2.657068253,-1.359176159,-2.879366159,-2.325862408,-2.998231411,-5.601037979,-0.230900288,-0.229211807,-0.436744928,-2.383384705,-0.921692729,-1.570874691,-0.254213333,-0.734847546,-1.086555719,-0.327479839,-0.715806365,-1.88256979,-5.156104565,-3.852039576,-5.517605782,-0.500998855,-0.161495209,-0.909077883,-2.198978901,-3.453445435,-1.977767229,0.482845306,-0.795660138,-2.931727409,-0.180609375,-2.306427002,-1.253271461,-1.521800399,-1.437474847,-3.145093203,-2.097469807,-3.850671291,-2.668603897,-1.271071672,-2.537872314,-1.687602401,-1.4314574,-1.0703336,-1.122296095,-1.637100101,0.088510156
TGFB_24,-1.017303586,-1.587767482,-1.66120255,-2.489529848,-6.799837589,-0.943806767,-1.001160026,-0.466448307,-2.066037893,-1.867159843,-1.016716957,-1.638611436,-2.218917847,-0.950233877,-1.899961948,-4.323862076,-2.642829895,-1.423760533,-2.528862238,-2.284019947,-2.86557436,-5.799837589,-0.433841467,-0.381040692,-1.09350884,-2.506726027,-1.092787385,-1.616516709,-0.306190968,-0.664644957,-1.679657459,-0.290210009,-0.275573373,-1.554036379,-5.959035873,-3.876532078,-5.548513889,-0.422594428,-0.104427218,-0.807173729,-2.65191102,-3.622752666,-2.338205338,0.012794971,-1.084771752,-3.186006546,0.47811234,-1.79473269,-0.882156253,-1.268768668,-1.310383439,-3.194768429,-1.701073766,-3.525011539,-2.537574768,-1.58242929,-2.243677616,-1.872176766,-1.423392415,-1.18732512,-0.769815087,-0.780352712,-0.07280004
TGFB_24,-1.50462389,-2.023841381,-1.932911515,-2.777116776,-6.512329102,-0.86898917,-1.282280684,-0.522917867,-2.056591511,-2.161180496,-1.173709154,-1.675753713,-2.410826445,-1.560395718,-2.598567009,-4.3265028,-2.589780331,-1.158741951,-2.449602842,-2.22305274,-2.968219042,-6.098214149,-0.184922576,-0.26629591,-0.327009678,-2.223430157,-0.786568046,-1.766764045,-0.396975636,-0.655493259,-1.46246624,-0.363205314,-0.298046827,-1.534638882,-5.461575508,-3.76470232,-5.76800251,-0.567326546,-0.306419849,-0.421613932,-1.969801545,-2.849266529,-1.798469782,0.597264767,-0.752393723,-3.051891327,0.394608021,-1.907647729,-0.799880743,-0.962051749,-1.5980407,-2.894079685,-1.585265279,-3.622070789,-2.50573349,-1.588903785,-2.048335552,-2.054610729,-0.93459332,-0.795144558,-0.691272259,-1.030908465,0.114335597
TGFB_4,-0.792174339,-1.127230883,-1.618820906,-2.293151855,-5.335094452,-1.420874357,-1.246479511,-0.436186552,-2.531944752,-1.9772439,-0.626247764,-0.917055845,-1.968549728,-1.087231517,-1.793961763,-6.34739399,-4.454403877,-1.212545633,-1.980712295,-1.909114599,-2.655721903,-6.484650135,-0.667576313,-0.377307653,-0.497314095,-2.127032042,-1.098881364,-1.02731967,0.161540508,-0.719884872,-1.120486856,-0.446154952,-0.728505492,-1.591591597,-5.78233099,-3.093756676,-4.669167519,-0.884541392,-0.500658393,-0.991047382,-2.27497673,-3.390331507,-2.694278717,-0.324797988,-0.920439839,-2.354824066,-0.529115558,-2.704397678,-0.925851226,-1.253775597,-1.218855858,-3.461904287,-2.057453394,-3.453760862,-1.913700104,-1.573643208,-2.52023077,-2.039061785,-2.821754694,-1.827880859,-1.168011785,-1.072960854,-0.107941747
TGFB_4,-0.819047689,-1.304880381,-1.460012674,-2.429517746,-5.514504433,-1.18507731,-1.2096591,-1.118935823,-2.596440792,-1.892345667,-0.973898888,-1.396622658,-2.119485378,-1.185338855,-1.906505346,-6.181681633,-3.915589094,-1.389132261,-1.977835059,-1.80632019,-2.561393738,-6.886720657,-0.44449687,-0.126348972,-0.447599173,-2.086382151,-1.068662882,-2.002970696,-0.220607042,-0.72540319,-1.814307213,-0.61119318,-0.777249575,-2.106846333,-5.730775833,-3.313830853,-5.034947872,-0.67711997,-0.32805419,-1.004308105,-2.184397459,-3.342710972,-2.555837393,-0.153877974,-0.669343472,-2.750454903,-0.434458852,-2.599170923,-0.860835135,-1.262921333,-0.793285191,-3.374332666,-1.680826902,-3.162029028,-1.709517002,-0.922384441,-2.240922451,-1.791979074,-2.55973506,-1.146504879,-1.330057144,-1.663404942,0.14019163
TGFB_4,-0.664738894,-0.740274549,-1.382290483,-2.011190653,-5.501348972,-1.101275206,-1.134663939,-0.539577246,-2.135587931,-1.701596975,-0.745856762,-0.82828331,-1.599002361,-0.592282414,-1.607034564,-6.308023453,-4.102564812,-1.141541481,-1.589114904,-1.776204705,-2.391011,-6.396379471,-0.233926296,-0.151619196,-0.121365786,-1.826896906,-0.830793023,-0.987226725,0.071511984,-0.4215523,-0.986452699,-0.638869524,0.160119772,-1.522514462,-5.756553412,-2.967879772,-3.890310287,-0.587127447,0.232619286,-0.431283832,-1.954541922,-2.832878828,-2.058217764,0.091192722,-0.814848542,-2.573023319,-0.1601336,-2.236920118,-0.372042358,-0.451064527,-0.718666196,-3.211591959,-1.317244887,-2.579136848,-1.148763657,-0.790411353,-1.496813059,-1.397905111,-2.228102207,-0.747777581,-0.727614284,-1.350883007,-0.087006867
TGFB_48,-0.632746816,-1.207177162,-1.221169233,-2.011055231,-5.259964943,0.003666326,-0.343092382,-0.26271978,-1.38032198,-1.275358438,-0.442212343,-0.828619003,-1.863021016,-1.05205965,-1.670435548,-2.75331521,-1.345922351,-0.676708996,-1.847367764,-1.86779809,-2.368425608,-4.628078938,0.799843609,0.267964303,0.503240526,-3.045279503,-1.303559542,-1.549991012,-0.50818187,-1.482859373,-1.657556057,-0.465919554,-1.672941685,-1.680906534,-4.085890293,-3.373172522,-4.863498211,0.319198489,-0.119963653,-0.800488174,-2.630512476,-3.592850447,-3.21142149,1.382218242,-0.689127088,-3.188530445,-0.110284567,-2.172060728,-0.749827623,-1.409357548,-1.049940348,-3.176877737,-1.907023907,-3.356485128,-1.853985071,-1.377125025,-2.271596193,-0.961224079,-0.414326191,-0.472361088,-1.59513545,-1.799108744,0.309496522
TGFB_48,-0.99208647,-1.405333996,-1.818285942,-2.301808834,-5.259964943,-0.09616293,-0.39886409,-0.515417635,-1.638274312,-1.043708324,-0.195131496,-0.740064263,-1.69837296,-1.076802373,-1.411159515,-2.94062686,-1.058049679,-0.610426784,-1.619476676,-1.78474021,-1.712136626,-5.20288372,0.707422972,0.51219064,0.329975903,-2.299313545,-0.840486467,-1.185115337,-0.162641302,-1.133086801,-1.645123005,-0.296200514,-1.442479253,-2.225603819,-4.085890293,-3.373172522,-4.827245235,-0.200941816,0.438358247,0.202110931,-1.572522402,-2.750252008,-1.90921402,1.40074265,-0.330606937,-2.69126749,0.279722691,-1.427647114,-0.205569267,-0.741338968,-0.256498814,-2.788644552,-1.044905901,-2.608072519,-1.46558547,-0.569893837,-1.730429888,-0.961224079,-0.112341881,-0.353591442,-1.14637351,-1.56382966,-0.054227352
TGFB_8,-0.951989412,-1.260620952,-1.283264279,-2.316241026,-5.400847435,-1.024401784,-1.092956305,-0.798695326,-2.045268774,-1.948620319,-0.88676846,-1.115859985,-2.155475378,-0.903972626,-1.834267378,-6.002979755,-3.874242306,-1.393176079,-2.294590235,-2.328470469,-2.979311943,-5.907996655,-0.639155626,-0.311800241,-0.396502972,-2.387212753,-1.015175819,-1.398827791,-0.537517548,-0.853847384,-0.897660375,-0.539988518,-0.274390459,-1.565532565,-5.804551125,-3.119920731,-4.824896336,-0.696956873,-0.374284506,-0.628236055,-2.239230871,-3.146221876,-2.559378147,-0.184491158,-0.797253489,-3.065863371,0.302797258,-1.860694885,-0.507742941,-0.758261144,-0.602419674,-2.743314505,-1.140025854,-2.697035313,-1.271986008,-0.696700513,-1.602419853,-1.077658176,-2.047884226,-0.582485735,-0.645393431,-1.108059645,-0.161121011
TGFB_8,-1.087854028,-1.512374878,-1.530697703,-2.425976515,-5.906808376,-1.085143328,-1.265820503,-0.824732065,-1.775268316,-2.346135139,-1.324008942,-1.274460316,-2.236321688,-0.74624598,-2.255068302,-5.481923103,-3.606283188,-1.077215791,-2.389057875,-2.285258055,-2.545405149,-6.863013268,-0.43335259,-0.30699718,-0.48284328,-2.368287086,-1.166542292,-1.284455538,-0.225930929,-0.206843615,-1.384105802,-0.333731771,-0.301506281,-1.577487946,-5.804551125,-3.766275883,-5.106528759,-0.888550878,-0.235788226,-0.542163849,-1.650583386,-2.774704695,-1.992361665,-0.168484569,-0.980532527,-2.802011967,0.308662891,-2.173123121,-0.693746567,-0.774507523,-1.028824806,-3.159738064,-1.432320595,-2.861606121,-1.671866417,-1.242984295,-1.967569113,-1.777425051,-2.250058889,-0.921661139,-0.74994421,-0.682765007,0.156850815
TGFB_8,-0.943708062,-1.255097628,-1.696265936,-2.51352787,-5.484958649,-0.950585246,-0.973675787,-0.451802611,-2.362395048,-1.980551004,-0.916522622,-1.231349826,-1.764309168,-1.00085485,-1.946354747,-5.357626438,-3.772156239,-1.290468931,-2.024166346,-2.264528751,-2.865739346,-7.228038788,-0.31748569,-0.447033525,-0.589651704,-2.37774992,-0.837247252,-1.294746757,-0.100148916,-1.33308053,-1.572863698,-0.612590075,-0.841834903,-1.386865973,-5.804551125,-3.377954483,-5.086237431,-0.345537305,-0.269894719,-1.320869684,-2.507388353,-3.441523075,-2.353253126,-0.135220289,-1.110019684,-2.60935545,0.220690727,-2.15004015,-0.788627028,-0.870685935,-0.829073071,-2.891282082,-0.951403022,-2.566679955,-1.415638804,-0.829714179,-1.612276673,-1.177520871,-2.424326897,-0.75597012,-0.616695404,-1.003973842,0.311573267